Product name,product url,product image link,product price
Libra,https://www.glassesshop.com/eyeglasses/fp2047,"https://glassesshop-res.cloudinary.com/c_fill,f_auto,fl_lossy,q_auto,w_800,h_400,c_pad/products/202002/5e436927dcd1f.jpg",$24.95
Benjamin,https://www.glassesshop.com/eyeglasses/fm1466,"https://glassesshop-res.cloudinary.com/c_fill,f_auto,fl_lossy,q_auto,w_800,h_400,c_pad/products/202007/5f23c550d52c8.jpg",$29.95
Prairie,https://www.glassesshop.com/eyeglasses/fz1461,"https://glassesshop-res.cloudinary.com/c_fill,f_auto,fl_lossy,q_auto,w_800,h_400,c_pad/products/202007/5f23c58247a31.jpg",$34.95
Lyndon,https://www.glassesshop.com/eyeglasses/fm1286,"https://glassesshop-res.cloudinary.com/c_fill,f_auto,fl_lossy,q_auto,w_800,h_400,c_pad/products/201807/5b5fc1cbabfd3.jpg",$19.95
Taurus,https://www.glassesshop.com/eyeglasses/fp2134,"https://glassesshop-res.cloudinary.com/c_fill,f_auto,fl_lossy,q_auto,w_800,h_400,c_pad/products/202010/5f92387c930d2.jpg",$24.95
Haywood,https://www.glassesshop.com/eyeglasses/fm1354,"https://glassesshop-res.cloudinary.com/c_fill,f_auto,fl_lossy,q_auto,w_800,h_400,c_pad/products/201812/5c2436744d755.jpg",$29.95
Gulfport,https://www.glassesshop.com/eyeglasses/fp2108,"https://glassesshop-res.cloudinary.com/c_fill,f_auto,fl_lossy,q_auto,w_800,h_400,c_pad/products/202006/5ef06e49289e8.jpg",$19.95
Joplin,https://www.glassesshop.com/eyeglasses/fz1491,"https://glassesshop-res.cloudinary.com/c_fill,f_auto,fl_lossy,q_auto,w_800,h_400,c_pad/products/202008/5f30c11c43504.jpg",$24.95
Gulfport,https://www.glassesshop.com/eyeglasses/fp2106,"https://glassesshop-res.cloudinary.com/c_fill,f_auto,fl_lossy,q_auto,w_800,h_400,c_pad/products/202006/5ef06e3be5b29.jpg",$19.95
Riverside,https://www.glassesshop.com/eyeglasses/fm1385,"https://glassesshop-res.cloudinary.com/c_fill,f_auto,fl_lossy,q_auto,w_800,h_400,c_pad/products/201906/5d0318962738c.jpg",$19.95
Martin,https://www.glassesshop.com/eyeglasses/sm0795,"https://glassesshop-res.cloudinary.com/c_fill,f_auto,fl_lossy,q_auto,w_800,h_400,c_pad/products/201803/5ab4ad568da24.jpg",$29.95
Taurus,https://www.glassesshop.com/eyeglasses/fp2071,"https://glassesshop-res.cloudinary.com/c_fill,f_auto,fl_lossy,q_auto,w_800,h_400,c_pad/products/202011/5fb61cb23c74f.jpg",$24.95
Saxton,https://www.glassesshop.com/eyeglasses/fm1499,"https://glassesshop-res.cloudinary.com/c_fill,f_auto,fl_lossy,q_auto,w_800,h_400,c_pad/products/202009/5f616c77218e1.jpg",$59
Taurus,https://www.glassesshop.com/eyeglasses/fp2043,"https://glassesshop-res.cloudinary.com/c_fill,f_auto,fl_lossy,q_auto,w_800,h_400,c_pad/products/202002/5e43690c5abed.jpg",$24.95
Hume,https://www.glassesshop.com/eyeglasses/fz1297,"https://glassesshop-res.cloudinary.com/c_fill,f_auto,fl_lossy,q_auto,w_800,h_400,c_pad/products/201901/5c34038819040.jpg",$29.95
Willie,https://www.glassesshop.com/eyeglasses/sm0860,"https://glassesshop-res.cloudinary.com/c_fill,f_auto,fl_lossy,q_auto,w_800,h_400,c_pad/products/201811/5be942fd85246.jpg",$19.95
Rochester,https://www.glassesshop.com/eyeglasses/fm1263,"https://glassesshop-res.cloudinary.com/c_fill,f_auto,fl_lossy,q_auto,w_800,h_400,c_pad/products/201906/5cf730e7199e1.jpg",$29.95
Oberlin,https://www.glassesshop.com/eyeglasses/fp2035,"https://glassesshop-res.cloudinary.com/c_fill,f_auto,fl_lossy,q_auto,w_800,h_400,c_pad/products/201911/5dbfed0443ba6.jpg",$19.95
Oberlin,https://www.glassesshop.com/eyeglasses/fp2034,"https://glassesshop-res.cloudinary.com/c_fill,f_auto,fl_lossy,q_auto,w_800,h_400,c_pad/products/202004/5e914ad7729d1.jpg",$19.95
Bronx,https://www.glassesshop.com/eyeglasses/fp1979,"https://glassesshop-res.cloudinary.com/c_fill,f_auto,fl_lossy,q_auto,w_800,h_400,c_pad/products/201910/5d9ff99262ec8.jpg",$12.95
Oberlin,https://www.glassesshop.com/eyeglasses/fp2033,"https://glassesshop-res.cloudinary.com/c_fill,f_auto,fl_lossy,q_auto,w_800,h_400,c_pad/products/202004/5e914acfb151e.jpg",$19.95
Oberlin,https://www.glassesshop.com/eyeglasses/fp2032,"https://glassesshop-res.cloudinary.com/c_fill,f_auto,fl_lossy,q_auto,w_800,h_400,c_pad/products/202001/5e28f5ef67b87.jpg",$19.95
Cooksville,https://www.glassesshop.com/eyeglasses/fp2010,"https://glassesshop-res.cloudinary.com/c_fill,f_auto,fl_lossy,q_auto,w_800,h_400,c_pad/products/202009/5f59eebc9cbbb.jpg",$12.95
Asheville,https://www.glassesshop.com/eyeglasses/fp1992,"https://glassesshop-res.cloudinary.com/c_fill,f_auto,fl_lossy,q_auto,w_800,h_400,c_pad/products/202003/5e818fa52dff3.jpg",$12.95
Rainbow,https://www.glassesshop.com/eyeglasses/fp2013,"https://glassesshop-res.cloudinary.com/c_fill,f_auto,fl_lossy,q_auto,w_800,h_400,c_pad/products/201910/5db16a54c2f90.jpg",$19.95
Miami,https://www.glassesshop.com/eyeglasses/fz1391,"https://glassesshop-res.cloudinary.com/c_fill,f_auto,fl_lossy,q_auto,w_800,h_400,c_pad/products/202010/5f7d1f0680845.jpg",$29.95
Lindsay,https://www.glassesshop.com/eyeglasses/fz1382,"https://glassesshop-res.cloudinary.com/c_fill,f_auto,fl_lossy,q_auto,w_800,h_400,c_pad/products/201908/5d4d19da206dc.jpg",$29.95
Whittier,https://www.glassesshop.com/eyeglasses/fz1313,"https://glassesshop-res.cloudinary.com/c_fill,f_auto,fl_lossy,q_auto,w_800,h_400,c_pad/products/201906/5cf8ca4e950be.jpg",$29.95
Dubois,https://www.glassesshop.com/eyeglasses/ft0326,"https://glassesshop-res.cloudinary.com/c_fill,f_auto,fl_lossy,q_auto,w_800,h_400,c_pad/products/201908/5d4d18062d09d.jpg",$49.95
Marlowe,https://www.glassesshop.com/eyeglasses/sup0711,"https://glassesshop-res.cloudinary.com/c_fill,f_auto,fl_lossy,q_auto,w_800,h_400,c_pad/products/202008/5f4763c0233ac.jpg",$19.95
Horatio,https://www.glassesshop.com/eyeglasses/sm0874,"https://glassesshop-res.cloudinary.com/c_fill,f_auto,fl_lossy,q_auto,w_800,h_400,c_pad/products/202008/5f4763be732a6.jpg",$19.95
Maltz,https://www.glassesshop.com/eyeglasses/fz1370,"https://glassesshop-res.cloudinary.com/c_fill,f_auto,fl_lossy,q_auto,w_800,h_400,c_pad/products/202010/5f8d5caa9f47f.jpg",$29.95
Celia,https://www.glassesshop.com/eyeglasses/fm1389,"https://glassesshop-res.cloudinary.com/c_fill,f_auto,fl_lossy,q_auto,w_800,h_400,c_pad/products/202003/5e818f7f62243.jpg",$19.95
Celia,https://www.glassesshop.com/eyeglasses/fm1387,"https://glassesshop-res.cloudinary.com/c_fill,f_auto,fl_lossy,q_auto,w_800,h_400,c_pad/products/202006/5edb355fcdc1f.jpg",$19.95
Owen,https://www.glassesshop.com/eyeglasses/fp1651,"https://glassesshop-res.cloudinary.com/c_fill,f_auto,fl_lossy,q_auto,w_800,h_400,c_pad/products/201805/5afe7ecab8fb5.jpg",$19.95
Annabel,https://www.glassesshop.com/eyeglasses/ft0304,"https://glassesshop-res.cloudinary.com/c_fill,f_auto,fl_lossy,q_auto,w_800,h_400,c_pad/products/202008/5f2a866444e94.jpg",$39.95
Wilker,https://www.glassesshop.com/eyeglasses/sup0622,"https://glassesshop-res.cloudinary.com/c_fill,f_auto,fl_lossy,q_auto,w_800,h_400,c_pad/products/202006/5ef059f5769cf.jpg",$29.95
Pete,https://www.glassesshop.com/eyeglasses/fz1207,"https://glassesshop-res.cloudinary.com/c_fill,f_auto,fl_lossy,q_auto,w_800,h_400,c_pad/products/201807/5b4c5f5861e84.jpg",$29.95
Westlake,https://www.glassesshop.com/eyeglasses/fz1437,"https://glassesshop-res.cloudinary.com/c_fill,f_auto,fl_lossy,q_auto,w_800,h_400,c_pad/products/202005/5eb9129de0f65.jpg",$44.95
Genevieve,https://www.glassesshop.com/eyeglasses/fz1268,"https://glassesshop-res.cloudinary.com/c_fill,f_auto,fl_lossy,q_auto,w_800,h_400,c_pad/products/202008/5f4763b22d61b.jpg",$34.95
Vivian,https://www.glassesshop.com/eyeglasses/fz1250,"https://glassesshop-res.cloudinary.com/c_fill,f_auto,fl_lossy,q_auto,w_800,h_400,c_pad/products/201810/5bbc4f0f35fba.jpg",$29.95
Burke,https://www.glassesshop.com/eyeglasses/fm1243,"https://glassesshop-res.cloudinary.com/c_fill,f_auto,fl_lossy,q_auto,w_800,h_400,c_pad/products/201805/5b05173dea459.jpg",$24.95
Jean,https://www.glassesshop.com/eyeglasses/fp1719,"https://glassesshop-res.cloudinary.com/c_fill,f_auto,fl_lossy,q_auto,w_800,h_400,c_pad/products/202010/5f7d1ef8a09c0.jpg",$24.95
Derrick,https://www.glassesshop.com/eyeglasses/fp1661,"https://glassesshop-res.cloudinary.com/c_fill,f_auto,fl_lossy,q_auto,w_800,h_400,c_pad/products/201805/5af1600395174.jpg",$24.95
Prince,https://www.glassesshop.com/eyeglasses/fp1438,"https://glassesshop-res.cloudinary.com/c_fill,f_auto,fl_lossy,q_auto,w_800,h_400,c_pad/products/202005/5eb91ab6877b6.jpg",$19.95
Mandy,https://www.glassesshop.com/eyeglasses/fz1088,"https://glassesshop-res.cloudinary.com/c_fill,f_auto,fl_lossy,q_auto,w_800,h_400,c_pad/products/201805/5af25c029b0bc.jpg",$29.95
Haggai,https://www.glassesshop.com/eyeglasses/fp1775,"https://glassesshop-res.cloudinary.com/c_fill,f_auto,fl_lossy,q_auto,w_800,h_400,c_pad/products/202005/5ecb7f0816feb.jpg",$24.95
Poppy,https://www.glassesshop.com/eyeglasses/fz1032,"https://glassesshop-res.cloudinary.com/c_fill,f_auto,fl_lossy,q_auto,w_800,h_400,c_pad/products/202005/5ebb49c0c1a27.jpg",$29.95
Butler,https://www.glassesshop.com/eyeglasses/fp1841,"https://glassesshop-res.cloudinary.com/c_fill,f_auto,fl_lossy,q_auto,w_800,h_400,c_pad/products/201904/5cb69b512ac04.jpg",$19.95
Oneida,https://www.glassesshop.com/eyeglasses/ft0405,"https://glassesshop-res.cloudinary.com/c_fill,f_auto,fl_lossy,q_auto,w_800,h_400,c_pad/products/202009/5f5f30e8d3346.jpg",$44.95
Amelia,https://www.glassesshop.com/eyeglasses/fm1468,"https://glassesshop-res.cloudinary.com/c_fill,f_auto,fl_lossy,q_auto,w_800,h_400,c_pad/products/202011/5fa21d4a37744.jpg",$34.95
Althea,https://www.glassesshop.com/eyeglasses/fp2111,"https://glassesshop-res.cloudinary.com/c_fill,f_auto,fl_lossy,q_auto,w_800,h_400,c_pad/products/202007/5f0d02e7b4c6a.jpg",$19.95
Libra,https://www.glassesshop.com/eyeglasses/fp2046,"https://glassesshop-res.cloudinary.com/c_fill,f_auto,fl_lossy,q_auto,w_800,h_400,c_pad/products/202002/5e43692139cde.jpg",$24.95
Gulfport,https://www.glassesshop.com/eyeglasses/fp2107,"https://glassesshop-res.cloudinary.com/c_fill,f_auto,fl_lossy,q_auto,w_800,h_400,c_pad/products/202006/5ef06e42730a6.jpg",$19.95
Lagrange,https://www.glassesshop.com/eyeglasses/fz1411,"https://glassesshop-res.cloudinary.com/c_fill,f_auto,fl_lossy,q_auto,w_800,h_400,c_pad/products/202004/5ea6ac4aac1c1.jpg",$29.95
Glenview,https://www.glassesshop.com/eyeglasses/ft0364,"https://glassesshop-res.cloudinary.com/c_fill,f_auto,fl_lossy,q_auto,w_800,h_400,c_pad/products/202002/5e4288d66f9ca.jpg",$49.95
Evanston,https://www.glassesshop.com/eyeglasses/sup0791,"https://glassesshop-res.cloudinary.com/c_fill,f_auto,fl_lossy,q_auto,w_800,h_400,c_pad/products/202007/5f1e8aced1e7c.jpg",$24.95
Walnut,https://www.glassesshop.com/eyeglasses/sup0821,"https://glassesshop-res.cloudinary.com/c_fill,f_auto,fl_lossy,q_auto,w_800,h_400,c_pad/products/202004/5e93cdb8ce151.jpg",$29.95
Fresno,https://www.glassesshop.com/eyeglasses/fp2036,"https://glassesshop-res.cloudinary.com/c_fill,f_auto,fl_lossy,q_auto,w_800,h_400,c_pad/products/202002/5e377f64b65e5.jpg",$12.95
Smith,https://www.glassesshop.com/eyeglasses/fm1419,"https://glassesshop-res.cloudinary.com/c_fill,f_auto,fl_lossy,q_auto,w_800,h_400,c_pad/products/202002/5e377f5d89a0b.jpg",$29.95
Bronx,https://www.glassesshop.com/eyeglasses/fp1977,"https://glassesshop-res.cloudinary.com/c_fill,f_auto,fl_lossy,q_auto,w_800,h_400,c_pad/products/201910/5d9ff984eba5b.jpg",$12.95
Mobile,https://www.glassesshop.com/eyeglasses/ft0359,"https://glassesshop-res.cloudinary.com/c_fill,f_auto,fl_lossy,q_auto,w_800,h_400,c_pad/products/202002/5e377f972a791.jpg",$39.95
Joni,https://www.glassesshop.com/eyeglasses/fp2024,"https://glassesshop-res.cloudinary.com/c_fill,f_auto,fl_lossy,q_auto,w_800,h_400,c_pad/products/202006/5eddf0b261971.jpg",$29.95
Labrador,https://www.glassesshop.com/eyeglasses/fp1988,"https://glassesshop-res.cloudinary.com/c_fill,f_auto,fl_lossy,q_auto,w_800,h_400,c_pad/products/201910/5d9ff9cfe2be1.jpg",$12.95
Bronx,https://www.glassesshop.com/eyeglasses/fp1978,"https://glassesshop-res.cloudinary.com/c_fill,f_auto,fl_lossy,q_auto,w_800,h_400,c_pad/products/201910/5d9ff98bd4095.jpg",$12.95
Wilsen,https://www.glassesshop.com/eyeglasses/fz1315,"https://glassesshop-res.cloudinary.com/c_fill,f_auto,fl_lossy,q_auto,w_800,h_400,c_pad/products/201908/16052216_44327.jpg",$29.95
Eleanor,https://www.glassesshop.com/eyeglasses/fp1948,"https://glassesshop-res.cloudinary.com/c_fill,f_auto,fl_lossy,q_auto,w_800,h_400,c_pad/products/202005/5ec4810f224cb.jpg",$12.95
Burke,https://www.glassesshop.com/eyeglasses/fm1244,"https://glassesshop-res.cloudinary.com/c_fill,f_auto,fl_lossy,q_auto,w_800,h_400,c_pad/products/201805/5b05174756a46.jpg",$24.95
Bray,https://www.glassesshop.com/eyeglasses/fp1923,"https://glassesshop-res.cloudinary.com/c_fill,f_auto,fl_lossy,q_auto,w_800,h_400,c_pad/products/202010/5f8d5c92a5034.jpg",$12.95
Bobosa,https://www.glassesshop.com/eyeglasses/fz1375,"https://glassesshop-res.cloudinary.com/c_fill,f_auto,fl_lossy,q_auto,w_800,h_400,c_pad/products/202007/5f23c560ea977.jpg",$29.95
Vogt,https://www.glassesshop.com/eyeglasses/fz1320,"https://glassesshop-res.cloudinary.com/c_fill,f_auto,fl_lossy,q_auto,w_800,h_400,c_pad/products/201908/16045527_38974.jpg",$29.95
Hume,https://www.glassesshop.com/eyeglasses/fz1299,"https://glassesshop-res.cloudinary.com/c_fill,f_auto,fl_lossy,q_auto,w_800,h_400,c_pad/products/201901/5c3403881f0c0.jpg",$29.95
Jinbee,https://www.glassesshop.com/eyeglasses/fp1903,"https://glassesshop-res.cloudinary.com/c_fill,f_auto,fl_lossy,q_auto,w_800,h_400,c_pad/products/201909/06053130_50710.jpg",$19.95
Tacab,https://www.glassesshop.com/eyeglasses/fp1831,"https://glassesshop-res.cloudinary.com/c_fill,f_auto,fl_lossy,q_auto,w_800,h_400,c_pad/products/201904/5cb69b50f3d8c.jpg",$19.95
Ezekiel,https://www.glassesshop.com/eyeglasses/fz1279,"https://glassesshop-res.cloudinary.com/c_fill,f_auto,fl_lossy,q_auto,w_800,h_400,c_pad/products/201810/5bbc50f6643b4.jpg",$29.95
Averies,https://www.glassesshop.com/eyeglasses/fp1828,"https://glassesshop-res.cloudinary.com/c_fill,f_auto,fl_lossy,q_auto,w_800,h_400,c_pad/products/201908/16022300_39524.jpg",$19.95
Newark,https://www.glassesshop.com/eyeglasses/fm1372,"https://glassesshop-res.cloudinary.com/c_fill,f_auto,fl_lossy,q_auto,w_800,h_400,c_pad/products/201903/5c99cd282a4bb.jpg",$24.95
Hume,https://www.glassesshop.com/eyeglasses/fz1298,"https://glassesshop-res.cloudinary.com/c_fill,f_auto,fl_lossy,q_auto,w_800,h_400,c_pad/products/201901/5c3403881c161.jpg",$29.95
Haywood,https://www.glassesshop.com/eyeglasses/fm1353,"https://glassesshop-res.cloudinary.com/c_fill,f_auto,fl_lossy,q_auto,w_800,h_400,c_pad/products/201812/5c24367449b72.jpg",$29.95
Haywood,https://www.glassesshop.com/eyeglasses/fm1352,"https://glassesshop-res.cloudinary.com/c_fill,f_auto,fl_lossy,q_auto,w_800,h_400,c_pad/products/201812/5c24367446e64.jpg",$29.95
Robben,https://www.glassesshop.com/eyeglasses/ft0242,"https://glassesshop-res.cloudinary.com/c_fill,f_auto,fl_lossy,q_auto,w_800,h_400,c_pad/products/201810/5bbc4f0366c54.jpg",$39.95
Ezekiel,https://www.glassesshop.com/eyeglasses/fz1278,"https://glassesshop-res.cloudinary.com/c_fill,f_auto,fl_lossy,q_auto,w_800,h_400,c_pad/products/201810/5bbc50f661d22.jpg",$29.95
Genevieve,https://www.glassesshop.com/eyeglasses/fz1270,"https://glassesshop-res.cloudinary.com/c_fill,f_auto,fl_lossy,q_auto,w_800,h_400,c_pad/products/201908/16045126_76201.jpg",$34.95
Arlene,https://www.glassesshop.com/eyeglasses/fp1763,"https://glassesshop-res.cloudinary.com/c_fill,f_auto,fl_lossy,q_auto,w_800,h_400,c_pad/products/201909/06052426_10975.jpg",$24.95
Murphy,https://www.glassesshop.com/eyeglasses/fp1747,"https://glassesshop-res.cloudinary.com/c_fill,f_auto,fl_lossy,q_auto,w_800,h_400,c_pad/products/201807/5b5fc22b3b051.jpg",$39.95
Pete,https://www.glassesshop.com/eyeglasses/fz1209,"https://glassesshop-res.cloudinary.com/c_fill,f_auto,fl_lossy,q_auto,w_800,h_400,c_pad/products/202008/5f4763af3bd0d.jpg",$29.95
Pete,https://www.glassesshop.com/eyeglasses/fz1208,"https://glassesshop-res.cloudinary.com/c_fill,f_auto,fl_lossy,q_auto,w_800,h_400,c_pad/products/201807/5b4c5f5f9c486.jpg",$29.95
Jean,https://www.glassesshop.com/eyeglasses/fp1718,"https://glassesshop-res.cloudinary.com/c_fill,f_auto,fl_lossy,q_auto,w_800,h_400,c_pad/products/201908/16051550_57408.jpg",$19.95
Jean,https://www.glassesshop.com/eyeglasses/fp1717,"https://glassesshop-res.cloudinary.com/c_fill,f_auto,fl_lossy,q_auto,w_800,h_400,c_pad/products/201805/5b03bc697854e.jpg",$24.95
Lexingto,https://www.glassesshop.com/eyeglasses/fp1695,"https://glassesshop-res.cloudinary.com/c_fill,f_auto,fl_lossy,q_auto,w_800,h_400,c_pad/products/201805/5b03be98b9a44.jpg",$19.95
Lexingto,https://www.glassesshop.com/eyeglasses/fp1694,"https://glassesshop-res.cloudinary.com/c_fill,f_auto,fl_lossy,q_auto,w_800,h_400,c_pad/products/201805/5b03be9136d0a.jpg",$19.95
Isaiah,https://www.glassesshop.com/eyeglasses/fp1643,"https://glassesshop-res.cloudinary.com/c_fill,f_auto,fl_lossy,q_auto,w_800,h_400,c_pad/products/202008/5f477541d4686.jpg",$19.95
Cooksville,https://www.glassesshop.com/eyeglasses/fp1568,"https://glassesshop-res.cloudinary.com/c_fill,f_auto,fl_lossy,q_auto,w_800,h_400,c_pad/products/202005/5eb91ac577d32.jpg",$24.95
Mandy,https://www.glassesshop.com/eyeglasses/fz1090,"https://glassesshop-res.cloudinary.com/c_fill,f_auto,fl_lossy,q_auto,w_800,h_400,c_pad/products/201710/59e01c540b457.jpg",$29.95
Mandy,https://www.glassesshop.com/eyeglasses/fz1089,"https://glassesshop-res.cloudinary.com/c_fill,f_auto,fl_lossy,q_auto,w_800,h_400,c_pad/products/201710/59e01c4d1913a.jpg",$29.95
Mandy,https://www.glassesshop.com/eyeglasses/fz1087,"https://glassesshop-res.cloudinary.com/c_fill,f_auto,fl_lossy,q_auto,w_800,h_400,c_pad/products/201710/59e01c3eef083.jpg",$29.95
Nicole,https://www.glassesshop.com/eyeglasses/fz1083,"https://glassesshop-res.cloudinary.com/c_fill,f_auto,fl_lossy,q_auto,w_800,h_400,c_pad/products/201710/59e01c2125ecc.jpg",$29.95
Fresno,https://www.glassesshop.com/eyeglasses/fp2038,"https://glassesshop-res.cloudinary.com/c_fill,f_auto,fl_lossy,q_auto,w_800,h_400,c_pad/products/202002/5e377f7359e9f.jpg",$12.95
Dominic,https://www.glassesshop.com/eyeglasses/fp2151,"https://glassesshop-res.cloudinary.com/c_fill,f_auto,fl_lossy,q_auto,w_800,h_400,c_pad/products/202011/5f9faec48755c.jpg",$12.95
Amelia,https://www.glassesshop.com/eyeglasses/fm1553,"https://glassesshop-res.cloudinary.com/c_fill,f_auto,fl_lossy,q_auto,w_800,h_400,c_pad/products/202102/603c4e4a0d67e.jpg",$34.95
Murphy,https://www.glassesshop.com/eyeglasses/fp1746,"https://glassesshop-res.cloudinary.com/c_fill,f_auto,fl_lossy,q_auto,w_800,h_400,c_pad/products/201811/5bebc03874148.jpg",$39.95
Bruno,https://www.glassesshop.com/eyeglasses/fp1506,"https://glassesshop-res.cloudinary.com/c_fill,f_auto,fl_lossy,q_auto,w_800,h_400,c_pad/products/201811/5bff5bf2665ef.jpg",$19.95
Amelia,https://www.glassesshop.com/eyeglasses/fm1469,"https://glassesshop-res.cloudinary.com/c_fill,f_auto,fl_lossy,q_auto,w_800,h_400,c_pad/products/202010/5f9644eb210d4.jpg",$34.95
Milne,https://www.glassesshop.com/eyeglasses/fz1358,"https://glassesshop-res.cloudinary.com/c_fill,f_auto,fl_lossy,q_auto,w_800,h_400,c_pad/products/201907/5d1dad7e89f35.jpg",$29.95
Poppy,https://www.glassesshop.com/eyeglasses/fz1573,"https://glassesshop-res.cloudinary.com/c_fill,f_auto,fl_lossy,q_auto,w_800,h_400,c_pad/products/202010/5f990bbf9b1a9.jpg",$29.95
Hillsborough,https://www.glassesshop.com/eyeglasses/fp0989,"https://glassesshop-res.cloudinary.com/c_fill,f_auto,fl_lossy,q_auto,w_800,h_400,c_pad/products/202101/5ff1555931a93.jpg",$19.95
Baldwin,https://www.glassesshop.com/eyeglasses/fp1618,"https://glassesshop-res.cloudinary.com/c_fill,f_auto,fl_lossy,q_auto,w_800,h_400,c_pad/products/201805/5afe7d0fb721d.jpg",$19.95
Labrador,https://www.glassesshop.com/eyeglasses/fp1989,"https://glassesshop-res.cloudinary.com/c_fill,f_auto,fl_lossy,q_auto,w_800,h_400,c_pad/products/201910/5d9ff9d6637d5.jpg",$12.95
Isaiah,https://www.glassesshop.com/eyeglasses/fp1644,"https://glassesshop-res.cloudinary.com/c_fill,f_auto,fl_lossy,q_auto,w_800,h_400,c_pad/products/201805/5afe7e8b63818.jpg",$19.95
Abina,https://www.glassesshop.com/eyeglasses/fp1938,"https://glassesshop-res.cloudinary.com/c_fill,f_auto,fl_lossy,q_auto,w_800,h_400,c_pad/products/202003/5e818f967c9ad.jpg",$19.95
Gabriel,https://www.glassesshop.com/eyeglasses/rm0296,"https://glassesshop-res.cloudinary.com/c_fill,f_auto,fl_lossy,q_auto,w_800,h_400,c_pad/products/202011/5fa260ddd8b36.jpg",$19.95
Joplin,https://www.glassesshop.com/eyeglasses/fz1490,"https://glassesshop-res.cloudinary.com/c_fill,f_auto,fl_lossy,q_auto,w_800,h_400,c_pad/products/202008/5f30c11599839.jpg",$24.95
Burke,https://www.glassesshop.com/eyeglasses/fm1245,"https://glassesshop-res.cloudinary.com/c_fill,f_auto,fl_lossy,q_auto,w_800,h_400,c_pad/products/201805/5b0fae059e515.jpg",$24.95
Iowa,https://www.glassesshop.com/eyeglasses/fz1015,"https://glassesshop-res.cloudinary.com/c_fill,f_auto,fl_lossy,q_auto,w_800,h_400,c_pad/products/201707/595c8637d2c9a.jpg",$29.95
Otis,https://www.glassesshop.com/eyeglasses/fp1742,"https://glassesshop-res.cloudinary.com/c_fill,f_auto,fl_lossy,q_auto,w_800,h_400,c_pad/products/201807/5b4c4e30ec771.jpg",$9.95
Celeste,https://www.glassesshop.com/eyeglasses/fm1471,"https://glassesshop-res.cloudinary.com/c_fill,f_auto,fl_lossy,q_auto,w_800,h_400,c_pad/products/202010/5f912e1787b16.jpg",$34.95
Leigh,https://www.glassesshop.com/eyeglasses/fz1368,"https://glassesshop-res.cloudinary.com/c_fill,f_auto,fl_lossy,q_auto,w_800,h_400,c_pad/products/201907/5d268bd883d24.jpg",$12.95
Tiffen,https://www.glassesshop.com/eyeglasses/fp1443,"https://glassesshop-res.cloudinary.com/c_fill,f_auto,fl_lossy,q_auto,w_800,h_400,c_pad/products/201711/59fd648f44910.jpg",$19.95
Libra,https://www.glassesshop.com/eyeglasses/fp2047,"https://glassesshop-res.cloudinary.com/c_fill,f_auto,fl_lossy,q_auto,w_800,h_400,c_pad/products/202002/5e436927dcd1f.jpg",$24.95
Benjamin,https://www.glassesshop.com/eyeglasses/fm1466,"https://glassesshop-res.cloudinary.com/c_fill,f_auto,fl_lossy,q_auto,w_800,h_400,c_pad/products/202007/5f23c550d52c8.jpg",$29.95
Prairie,https://www.glassesshop.com/eyeglasses/fz1461,"https://glassesshop-res.cloudinary.com/c_fill,f_auto,fl_lossy,q_auto,w_800,h_400,c_pad/products/202007/5f23c58247a31.jpg",$34.95
Lyndon,https://www.glassesshop.com/eyeglasses/fm1286,"https://glassesshop-res.cloudinary.com/c_fill,f_auto,fl_lossy,q_auto,w_800,h_400,c_pad/products/201807/5b5fc1cbabfd3.jpg",$19.95
Taurus,https://www.glassesshop.com/eyeglasses/fp2134,"https://glassesshop-res.cloudinary.com/c_fill,f_auto,fl_lossy,q_auto,w_800,h_400,c_pad/products/202010/5f92387c930d2.jpg",$24.95
Haywood,https://www.glassesshop.com/eyeglasses/fm1354,"https://glassesshop-res.cloudinary.com/c_fill,f_auto,fl_lossy,q_auto,w_800,h_400,c_pad/products/201812/5c2436744d755.jpg",$29.95
Gulfport,https://www.glassesshop.com/eyeglasses/fp2108,"https://glassesshop-res.cloudinary.com/c_fill,f_auto,fl_lossy,q_auto,w_800,h_400,c_pad/products/202006/5ef06e49289e8.jpg",$19.95
Joplin,https://www.glassesshop.com/eyeglasses/fz1491,"https://glassesshop-res.cloudinary.com/c_fill,f_auto,fl_lossy,q_auto,w_800,h_400,c_pad/products/202008/5f30c11c43504.jpg",$24.95
Gulfport,https://www.glassesshop.com/eyeglasses/fp2106,"https://glassesshop-res.cloudinary.com/c_fill,f_auto,fl_lossy,q_auto,w_800,h_400,c_pad/products/202006/5ef06e3be5b29.jpg",$19.95
Riverside,https://www.glassesshop.com/eyeglasses/fm1385,"https://glassesshop-res.cloudinary.com/c_fill,f_auto,fl_lossy,q_auto,w_800,h_400,c_pad/products/201906/5d0318962738c.jpg",$19.95
Martin,https://www.glassesshop.com/eyeglasses/sm0795,"https://glassesshop-res.cloudinary.com/c_fill,f_auto,fl_lossy,q_auto,w_800,h_400,c_pad/products/201803/5ab4ad568da24.jpg",$29.95
Taurus,https://www.glassesshop.com/eyeglasses/fp2071,"https://glassesshop-res.cloudinary.com/c_fill,f_auto,fl_lossy,q_auto,w_800,h_400,c_pad/products/202011/5fb61cb23c74f.jpg",$24.95
Saxton,https://www.glassesshop.com/eyeglasses/fm1499,"https://glassesshop-res.cloudinary.com/c_fill,f_auto,fl_lossy,q_auto,w_800,h_400,c_pad/products/202009/5f616c77218e1.jpg",$59
Taurus,https://www.glassesshop.com/eyeglasses/fp2043,"https://glassesshop-res.cloudinary.com/c_fill,f_auto,fl_lossy,q_auto,w_800,h_400,c_pad/products/202002/5e43690c5abed.jpg",$24.95
Hume,https://www.glassesshop.com/eyeglasses/fz1297,"https://glassesshop-res.cloudinary.com/c_fill,f_auto,fl_lossy,q_auto,w_800,h_400,c_pad/products/201901/5c34038819040.jpg",$29.95
Willie,https://www.glassesshop.com/eyeglasses/sm0860,"https://glassesshop-res.cloudinary.com/c_fill,f_auto,fl_lossy,q_auto,w_800,h_400,c_pad/products/201811/5be942fd85246.jpg",$19.95
Rochester,https://www.glassesshop.com/eyeglasses/fm1263,"https://glassesshop-res.cloudinary.com/c_fill,f_auto,fl_lossy,q_auto,w_800,h_400,c_pad/products/201906/5cf730e7199e1.jpg",$29.95
Oberlin,https://www.glassesshop.com/eyeglasses/fp2035,"https://glassesshop-res.cloudinary.com/c_fill,f_auto,fl_lossy,q_auto,w_800,h_400,c_pad/products/201911/5dbfed0443ba6.jpg",$19.95
Oberlin,https://www.glassesshop.com/eyeglasses/fp2034,"https://glassesshop-res.cloudinary.com/c_fill,f_auto,fl_lossy,q_auto,w_800,h_400,c_pad/products/202004/5e914ad7729d1.jpg",$19.95
Bronx,https://www.glassesshop.com/eyeglasses/fp1979,"https://glassesshop-res.cloudinary.com/c_fill,f_auto,fl_lossy,q_auto,w_800,h_400,c_pad/products/201910/5d9ff99262ec8.jpg",$12.95
Oberlin,https://www.glassesshop.com/eyeglasses/fp2033,"https://glassesshop-res.cloudinary.com/c_fill,f_auto,fl_lossy,q_auto,w_800,h_400,c_pad/products/202004/5e914acfb151e.jpg",$19.95
Oberlin,https://www.glassesshop.com/eyeglasses/fp2032,"https://glassesshop-res.cloudinary.com/c_fill,f_auto,fl_lossy,q_auto,w_800,h_400,c_pad/products/202001/5e28f5ef67b87.jpg",$19.95
Cooksville,https://www.glassesshop.com/eyeglasses/fp2010,"https://glassesshop-res.cloudinary.com/c_fill,f_auto,fl_lossy,q_auto,w_800,h_400,c_pad/products/202009/5f59eebc9cbbb.jpg",$12.95
Asheville,https://www.glassesshop.com/eyeglasses/fp1992,"https://glassesshop-res.cloudinary.com/c_fill,f_auto,fl_lossy,q_auto,w_800,h_400,c_pad/products/202003/5e818fa52dff3.jpg",$12.95
Rainbow,https://www.glassesshop.com/eyeglasses/fp2013,"https://glassesshop-res.cloudinary.com/c_fill,f_auto,fl_lossy,q_auto,w_800,h_400,c_pad/products/201910/5db16a54c2f90.jpg",$19.95
Miami,https://www.glassesshop.com/eyeglasses/fz1391,"https://glassesshop-res.cloudinary.com/c_fill,f_auto,fl_lossy,q_auto,w_800,h_400,c_pad/products/202010/5f7d1f0680845.jpg",$29.95
Lindsay,https://www.glassesshop.com/eyeglasses/fz1382,"https://glassesshop-res.cloudinary.com/c_fill,f_auto,fl_lossy,q_auto,w_800,h_400,c_pad/products/201908/5d4d19da206dc.jpg",$29.95
Whittier,https://www.glassesshop.com/eyeglasses/fz1313,"https://glassesshop-res.cloudinary.com/c_fill,f_auto,fl_lossy,q_auto,w_800,h_400,c_pad/products/201906/5cf8ca4e950be.jpg",$29.95
Dubois,https://www.glassesshop.com/eyeglasses/ft0326,"https://glassesshop-res.cloudinary.com/c_fill,f_auto,fl_lossy,q_auto,w_800,h_400,c_pad/products/201908/5d4d18062d09d.jpg",$49.95
Marlowe,https://www.glassesshop.com/eyeglasses/sup0711,"https://glassesshop-res.cloudinary.com/c_fill,f_auto,fl_lossy,q_auto,w_800,h_400,c_pad/products/202008/5f4763c0233ac.jpg",$19.95
Horatio,https://www.glassesshop.com/eyeglasses/sm0874,"https://glassesshop-res.cloudinary.com/c_fill,f_auto,fl_lossy,q_auto,w_800,h_400,c_pad/products/202008/5f4763be732a6.jpg",$19.95
Maltz,https://www.glassesshop.com/eyeglasses/fz1370,"https://glassesshop-res.cloudinary.com/c_fill,f_auto,fl_lossy,q_auto,w_800,h_400,c_pad/products/202010/5f8d5caa9f47f.jpg",$29.95
Celia,https://www.glassesshop.com/eyeglasses/fm1389,"https://glassesshop-res.cloudinary.com/c_fill,f_auto,fl_lossy,q_auto,w_800,h_400,c_pad/products/202003/5e818f7f62243.jpg",$19.95
Celia,https://www.glassesshop.com/eyeglasses/fm1387,"https://glassesshop-res.cloudinary.com/c_fill,f_auto,fl_lossy,q_auto,w_800,h_400,c_pad/products/202006/5edb355fcdc1f.jpg",$19.95
Owen,https://www.glassesshop.com/eyeglasses/fp1651,"https://glassesshop-res.cloudinary.com/c_fill,f_auto,fl_lossy,q_auto,w_800,h_400,c_pad/products/201805/5afe7ecab8fb5.jpg",$19.95
Annabel,https://www.glassesshop.com/eyeglasses/ft0304,"https://glassesshop-res.cloudinary.com/c_fill,f_auto,fl_lossy,q_auto,w_800,h_400,c_pad/products/202008/5f2a866444e94.jpg",$39.95
Wilker,https://www.glassesshop.com/eyeglasses/sup0622,"https://glassesshop-res.cloudinary.com/c_fill,f_auto,fl_lossy,q_auto,w_800,h_400,c_pad/products/202006/5ef059f5769cf.jpg",$29.95
Pete,https://www.glassesshop.com/eyeglasses/fz1207,"https://glassesshop-res.cloudinary.com/c_fill,f_auto,fl_lossy,q_auto,w_800,h_400,c_pad/products/201807/5b4c5f5861e84.jpg",$29.95
Westlake,https://www.glassesshop.com/eyeglasses/fz1437,"https://glassesshop-res.cloudinary.com/c_fill,f_auto,fl_lossy,q_auto,w_800,h_400,c_pad/products/202005/5eb9129de0f65.jpg",$44.95
Genevieve,https://www.glassesshop.com/eyeglasses/fz1268,"https://glassesshop-res.cloudinary.com/c_fill,f_auto,fl_lossy,q_auto,w_800,h_400,c_pad/products/202008/5f4763b22d61b.jpg",$34.95
Vivian,https://www.glassesshop.com/eyeglasses/fz1250,"https://glassesshop-res.cloudinary.com/c_fill,f_auto,fl_lossy,q_auto,w_800,h_400,c_pad/products/201810/5bbc4f0f35fba.jpg",$29.95
Burke,https://www.glassesshop.com/eyeglasses/fm1243,"https://glassesshop-res.cloudinary.com/c_fill,f_auto,fl_lossy,q_auto,w_800,h_400,c_pad/products/201805/5b05173dea459.jpg",$24.95
Jean,https://www.glassesshop.com/eyeglasses/fp1719,"https://glassesshop-res.cloudinary.com/c_fill,f_auto,fl_lossy,q_auto,w_800,h_400,c_pad/products/202010/5f7d1ef8a09c0.jpg",$24.95
Derrick,https://www.glassesshop.com/eyeglasses/fp1661,"https://glassesshop-res.cloudinary.com/c_fill,f_auto,fl_lossy,q_auto,w_800,h_400,c_pad/products/201805/5af1600395174.jpg",$24.95
Prince,https://www.glassesshop.com/eyeglasses/fp1438,"https://glassesshop-res.cloudinary.com/c_fill,f_auto,fl_lossy,q_auto,w_800,h_400,c_pad/products/202005/5eb91ab6877b6.jpg",$19.95
Mandy,https://www.glassesshop.com/eyeglasses/fz1088,"https://glassesshop-res.cloudinary.com/c_fill,f_auto,fl_lossy,q_auto,w_800,h_400,c_pad/products/201805/5af25c029b0bc.jpg",$29.95
Haggai,https://www.glassesshop.com/eyeglasses/fp1775,"https://glassesshop-res.cloudinary.com/c_fill,f_auto,fl_lossy,q_auto,w_800,h_400,c_pad/products/202005/5ecb7f0816feb.jpg",$24.95
Poppy,https://www.glassesshop.com/eyeglasses/fz1032,"https://glassesshop-res.cloudinary.com/c_fill,f_auto,fl_lossy,q_auto,w_800,h_400,c_pad/products/202005/5ebb49c0c1a27.jpg",$29.95
Butler,https://www.glassesshop.com/eyeglasses/fp1841,"https://glassesshop-res.cloudinary.com/c_fill,f_auto,fl_lossy,q_auto,w_800,h_400,c_pad/products/201904/5cb69b512ac04.jpg",$19.95
Oneida,https://www.glassesshop.com/eyeglasses/ft0405,"https://glassesshop-res.cloudinary.com/c_fill,f_auto,fl_lossy,q_auto,w_800,h_400,c_pad/products/202009/5f5f30e8d3346.jpg",$44.95
Amelia,https://www.glassesshop.com/eyeglasses/fm1468,"https://glassesshop-res.cloudinary.com/c_fill,f_auto,fl_lossy,q_auto,w_800,h_400,c_pad/products/202011/5fa21d4a37744.jpg",$34.95
Althea,https://www.glassesshop.com/eyeglasses/fp2111,"https://glassesshop-res.cloudinary.com/c_fill,f_auto,fl_lossy,q_auto,w_800,h_400,c_pad/products/202007/5f0d02e7b4c6a.jpg",$19.95
Libra,https://www.glassesshop.com/eyeglasses/fp2046,"https://glassesshop-res.cloudinary.com/c_fill,f_auto,fl_lossy,q_auto,w_800,h_400,c_pad/products/202002/5e43692139cde.jpg",$24.95
Gulfport,https://www.glassesshop.com/eyeglasses/fp2107,"https://glassesshop-res.cloudinary.com/c_fill,f_auto,fl_lossy,q_auto,w_800,h_400,c_pad/products/202006/5ef06e42730a6.jpg",$19.95
Lagrange,https://www.glassesshop.com/eyeglasses/fz1411,"https://glassesshop-res.cloudinary.com/c_fill,f_auto,fl_lossy,q_auto,w_800,h_400,c_pad/products/202004/5ea6ac4aac1c1.jpg",$29.95
Glenview,https://www.glassesshop.com/eyeglasses/ft0364,"https://glassesshop-res.cloudinary.com/c_fill,f_auto,fl_lossy,q_auto,w_800,h_400,c_pad/products/202002/5e4288d66f9ca.jpg",$49.95
Evanston,https://www.glassesshop.com/eyeglasses/sup0791,"https://glassesshop-res.cloudinary.com/c_fill,f_auto,fl_lossy,q_auto,w_800,h_400,c_pad/products/202007/5f1e8aced1e7c.jpg",$24.95
Walnut,https://www.glassesshop.com/eyeglasses/sup0821,"https://glassesshop-res.cloudinary.com/c_fill,f_auto,fl_lossy,q_auto,w_800,h_400,c_pad/products/202004/5e93cdb8ce151.jpg",$29.95
Fresno,https://www.glassesshop.com/eyeglasses/fp2036,"https://glassesshop-res.cloudinary.com/c_fill,f_auto,fl_lossy,q_auto,w_800,h_400,c_pad/products/202002/5e377f64b65e5.jpg",$12.95
